Model,MAE,RMSE,MAPE,R2
Random Forest Lag Benchmark,23.685941275167785,27.250711410434445,78.79073620987968,0.05182696000146303
LSTM,24.621766640067897,28.01523647843218,78.58149345354438,-0.002121775134862558
ARIMA,24.681534079177307,28.025236314324243,81.62921123070647,0.0001937018141069391
CNN-LSTM,25.263405846717372,28.921219956387834,83.02677412015127,-0.06798494455133519
Naive Baseline,37.644200000000005,45.57575019678777,154.16466555631854,-1.6441430900841985
